Meldedatum;Baden-Württemberg;Bayern;Berlin;Brandenburg;Bremen;Hamburg;Hessen;Mecklenburg-Vorpommern;Niedersachsen;Nordrhein-Westfalen;Rheinland-Pfalz;Saarland;Sachsen;Sachsen-Anhalt;Schleswig-Holstein;Thüringen;Gesamt
2020-01-02;;;;   3;;;;;;   3;;;;;;;    6
2020-01-03;;;;   1;;;;;;   5;;;;;;;    6
2020-01-04;;;;   0;;;;;;   3;;;;;;;    3
2020-01-05;;;;   0;;;;;;   1;;;;;;;    1
2020-01-06;;;;   1;;;;;;   1;;;;;;;    2
2020-01-07;;;;   1;;;;;;   0;;;;;;;    1
2020-01-08;;;;   0;;;;;;   3;;;;;;;    3
2020-01-09;;;;   0;;;;;;   1;;;;;;;    1
2020-01-10;;;;   0;;;;;;   1;;;;;;;    1
2020-01-11;;;;   1;;;;;;   3;;;;;;;    4
2020-01-12;;;;   0;;;;;;   3;;;;;;;    3
2020-01-13;;;;   0;;;;;;   1;;;;;;;    1
2020-01-14;;;;   0;;;;;;   2;;;;;;;    2
2020-01-15;;;;   0;;;;;;   8;;;;;;;    8
2020-01-16;;;;   0;;;;;;   0;;;;;;;    0
2020-01-17;;;;   0;;;;;;   2;;;;;;;    2
2020-01-18;;;;   1;;;;;;   0;;;;;;;    1
2020-01-19;;;;   0;;;;;;   1;;;;;;;    1
2020-01-20;;;;   0;;;;;;   5;;;;;;;    5
2020-01-21;;;;   0;;;;;;   1;;;;;;;    1
2020-01-22;;;;   1;;;;;;   3;;;;;;;    4
2020-01-23;;;;   0;;;;;;   0;;  1;;;;;    1
2020-01-24;;;;   0;;;;;;   6;;  0;;   1;;;    7
2020-01-25;;;;   1;;;;;;   4;;  0;;   0;;;    5
2020-01-26;;;;   0;;;;;;   0;;  0;;   0;;;    0
2020-01-27;;;;   0;;;;;;   0;;  0;;   0;;;    0
2020-01-28;;   2;;   0;;;;;;   3;;  0;;   0;;;    5
2020-01-29;;   2;;   0;;;;;;   1;;  0;;   0;;;    3
2020-01-30;;   0;;   1;;;;;;   2;;  0;;   0;;;    3
2020-01-31;;   5;;   1;;;;;;   0;;  1;;   0;;;    7
2020-02-01;;   0;;   0;;;;;;   0;;  0;;   0;;;    0
2020-02-02;;   0;;   1;;;;;;   0;;  0;;   0;;;    1
2020-02-03;;   1;;   0;;;;;;   0;;  0;;   0;;;    1
2020-02-04;;   3;;   0;;;;;   1;   0;;  0;;   0;;;    4
2020-02-05;;   0;;   0;;;;;   0;   0;;  0;;   0;;;    0
2020-02-06;;   1;;   0;;;;;   0;   0;;  0;;   0;;;    1
2020-02-07;;   1;;   0;;;;;   0;   0;;  0;;   0;;;    1
2020-02-08;;   0;;   0;;;;;   0;   0;;  0;;   0;;;    0
2020-02-09;;   0;;   0;;;;;   0;   0;;  0;;   0;;;    0
2020-02-10;;   0;;   0;;;;;   0;   0;;  0;;   0;;;    0
2020-02-11;;   2;;   0;;;;;   0;   0;;  0;;   0;;;    2
2020-02-12;;   1;;   0;;;;;   0;   1;;  0;;   0;;;    2
2020-02-13;;   0;;   0;;;;;   0;   0;;  0;;   0;;;    0
2020-02-14;;   0;;   0;;;;;   0;   0;;  0;;   0;;;    0
2020-02-15;;   0;;   1;;;;;   0;   0;;  0;;   0;;;    1
2020-02-16;;   0;;   0;;;;;   0;   0;;  0;;   0;;;    0
2020-02-17;;   0;;   1;;;;;   0;   0;;  0;;   0;;;    1
2020-02-18;;   0;;   1;;;;;   0;   0;;  0;;   0;;;    1
2020-02-19;;   0;;   0;;;;;   0;   0;;  0;;   0;;;    0
2020-02-20;;   0;;   0;;;;;   0;   1;;  0;;   0;;;    1
2020-02-21;;   0;;   0;;;;;   0;   0;;  0;;   0;;;    0
2020-02-22;;   0;;   0;;;;;   0;   0;;  0;;   0;;;    0
2020-02-23;;   1;;   0;;;;;   0;   0;;  0;;   0;;;    1
2020-02-24;   1;   0;;   0;;;;;   0;   0;;  0;;   0;;;    1
2020-02-25;   2;   0;;   1;;;;;   0;   0;;  0;;   0;;;    3
2020-02-26;   4;   0;;   0;;;;;   0;   3;;  0;;   0;;;    7
2020-02-27;   3;   1;;   0;;;;;   0;  19;;  1;;   0;;;   24
2020-02-28;   7;   2;;   0;;;   1;;   0;  35;   1;  1;;   0;  1;;   48
2020-02-29;   2;   2;;   0;;  1;   0;;   0;  15;   1;  0;;   0;  1;;   22
2020-03-01;   1;   4;;   1;  1;  1;   4;;   1;  23;   0;  0;;   0;  0;;   36
2020-03-02;  10;   6;;   0;  1;  0;   4;;   2;  15;   0;  0;   1;   0;  2;;   41
2020-03-03;  24;   6;   6;   0;  2;  3;   4;  2;   6;  29;   1;  0;   0;   0;  1;   1;   85
2020-03-04;  38;  10;   3;   0;  0;  1;   2;  2;   4;  91;   4;  0;   0;   0;  0;   0;  155
2020-03-05;  36;  19;  10;   2;  0;  5;   6;  1;   6;  97;   1;  0;   0;   0;  1;   0;  184
2020-03-06;  51;  51;   5;   0;  0;  3;   1;  0;   7;  62;   2;  0;   2;   0;  2;   0;  186
2020-03-07;  32;  20;   1;   0;  0;  4;   4;  0;   8;  68;   2;  0;   2;   0;  0;   1;  142
2020-03-08;  19;  20;  12;   4;  0;  5;   0;  2;   4;  26;   3;  1;   5;   0;  1;   0;  102
2020-03-09;  51;  87;  22;   4;  7; 21;  20;  4;  14;  97;   6;  5;   5;   0;  3;   0;  346
2020-03-10; 117; 111;  34;   9; 11; 29;  16;  1;  34; 175;  17;  2;  22;   6;  7;   9;  600
2020-03-11; 146; 120;  42;   8; 11; 30;  37;  8;  62; 202;  29; 10;  16;  15; 19;   1;  756
2020-03-12; 189; 136;  47;  25;  7; 41;  38;  9;  68; 284;  64; 13;  27;  14; 18;  11;  991
2020-03-13; 313; 252;  59;  21;  9; 38;  79;  9;  92; 419;  58; 17;  37;  11; 27;  10; 1451
2020-03-14; 326; 232;  29;  14;  3; 79;  83;  1;  77; 323;  51; 12;  35;   2; 24;  18; 1309
2020-03-15; 183; 169;  26;  21;  3; 78;  24;  1;  68; 241;  95; 17;  30;   0; 21;   1;  978
2020-03-16; 431; 270;  63;  20;  1; 80; 127; 14; 157; 610; 125; 24;  42;  35; 29;  18; 2046
2020-03-17; 601; 472;  93;  65; 12;133; 168; 31; 176; 907; 168; 23;  87;  29; 46;  31; 3042
2020-03-18; 806; 754; 146;  46; 10;135; 224; 43; 271; 717; 158; 44; 134;  38; 53;  37; 3616
2020-03-19; 657; 821; 180;  56; 40;186; 203; 34; 249;1142; 135; 44; 155;  43; 60;  54; 4059
2020-03-20; 849; 865; 170;  64; 24;146; 211; 16; 266; 875; 180; 37; 143;  51; 78;  76; 4051
2020-03-21; 568;1110; 127;  24; 22;106; 135; 11; 179; 691; 115; 38; 129;  18; 45;  38; 3356
2020-03-22; 548; 559;  68;  21;  4;149;  58;  1; 108; 435; 142; 46;  52;  14; 34;  27; 2266
2020-03-23; 651; 722; 159;  52; 12;132; 276; 13; 243; 883; 196; 59; 125;  66; 94;  52; 3735
2020-03-24;1187;1219; 199;  56; 19;207; 235; 37; 294; 797; 205; 33; 160;  62;100;  72; 4882
2020-03-25;1186;1684; 245;  97; 11;162; 247; 24; 377;1037; 170; 49; 181;  51; 86;  79; 5686
2020-03-26;1222;1703; 286;  73; 31;170; 302; 24; 373;1044; 215; 70; 170;  58; 96;  75; 5912
2020-03-27;1249;1646; 205;  79; 20;142; 308; 42; 411;1100; 270; 63; 188;  78;117;  73; 5991
2020-03-28;1011;1420; 197;  44; 25;145; 185; 21; 347; 749; 165; 66; 163;  42; 82;  68; 4730
2020-03-29; 660; 863;  87;  27;  1;115; 140; 11; 178; 631; 142; 77;  71;  19; 43;  20; 3085
2020-03-30; 932;1044; 167;  95;  8; 71; 183; 13; 311; 767; 143; 66; 141;  72; 78;  35; 4126
2020-03-31;1225;1850; 213; 129; 17;159; 254; 50; 358;1057; 201;130; 182;  56;104;  79; 6064
2020-04-01;1242;1986; 187;  69; 16;139; 329; 23; 368;1155; 252;109; 186;  36;102;  58; 6257
2020-04-02;1420;1940; 238; 116; 11;166; 267; 29; 333;1206; 189;171; 224;  46;112;  85; 6553
2020-04-03;1275;1867; 239; 136; 33;158; 250; 31; 388;1057; 214; 70; 252;  44;112;  70; 6196
2020-04-04; 863;1494; 108;  40; 15;108; 224; 15; 223; 685; 140;139; 140;  34; 69;  50; 4347
2020-04-05; 496; 724;  78;  27;  3;108;  91;  2; 142; 508; 105; 87;  68;  39; 36;  40; 2554
2020-04-06; 568;1130; 144;  75;  5; 93; 139;  5; 232; 877; 140; 76;  82;  26; 61;  26; 3679
2020-04-07; 906;1534; 202; 106; 36;209; 255; 35; 372; 914; 180; 75; 143;  45;112;  72; 5196
2020-04-08; 935;1547; 178; 118;  6;118; 303;  8; 335;1046; 172;153; 160;  48; 90;  64; 5281
2020-04-09;1001;1270; 177; 116; 18;113; 292; 15; 314;1013; 156;133; 101;  39; 92;  70; 4920
2020-04-10; 667; 946;  82;  75;  9; 97; 155; 11; 260; 616; 131; 91; 130;  25; 34;  27; 3356
2020-04-11; 750; 764;  87;  49; 13; 79; 151; 13; 128; 584;  77; 20;  80;  29; 41;  27; 2892
2020-04-12; 427; 419;  54;  44;  4; 46;  99;  3; 150; 383;  65; 22;  88;  13; 16;  32; 1865
2020-04-13; 291; 464;  59;  12;  6; 41;  77;  4;  80; 294;  73; 27;  40;  11; 98;  20; 1597
2020-04-14; 371; 753;  74;  58;  7; 77; 160;  3; 166; 519; 100; 27;  73;  25; 17;  44; 2474
2020-04-15; 623; 965; 113;  69; 15; 84; 227; 11; 226; 668; 119; 50;  58;  21; 42;  42; 3333
2020-04-16; 661; 867;  94;  62; 45; 73; 207;  9; 242; 738; 116; 49; 102;  25; 51;  81; 3422
2020-04-17; 555; 780; 120; 113; 12;107; 190;  4; 197; 635; 129; 31;  44;  61; 40;  36; 3054
2020-04-18; 390; 521;  82;  61; 17; 39; 129;  6; 142; 467;  87; 27;  47;  23; 25;  47; 2110
2020-04-19; 298; 387;  33;  29; 12; 22;  73;  0;  96; 339;  26;  2;  23;  15;  9;  16; 1380
2020-04-20; 276; 379;  45;  57;  7; 33;  79;  2; 131; 554;  35; 16;  33;  13; 28;  38; 1726
2020-04-21; 394; 501;  76;  66; 17; 57; 169;  2; 163; 456;  61; 36;  49;  29; 38;  75; 2189
2020-04-22; 505; 597;  81;  51;108; 49; 176;  4; 160; 475;  85; 45;  51;  16; 35;  56; 2494
2020-04-23; 424; 571;  87;  40; 17; 49; 125;  0; 140; 387;  55; 20;  34;  29; 40;  66; 2084
2020-04-24; 368; 528;  73;  85; 17; 41; 102;  6; 119; 332;  62; 22;  45;  23; 39;  46; 1908
2020-04-25; 315; 309;  55;  24; 15; 44;  89;  7;  67; 222;  30; 14;  22;  19; 17;  25; 1274
2020-04-26; 133; 189;  21;   7; 14; 17;  24;  0;  50; 152;  30; 17;  20;   5;  6;  21;  706
2020-04-27; 171; 341;  56;  38;  7; 21;  68;  1;  75; 224;  42;  5;  21;   6; 13;  28; 1117
2020-04-28; 186; 362;  79;  67; 43; 25; 139; 13; 101; 268;  31;  7;  34;  13; 31;  77; 1476
2020-04-29; 278; 304;  68;  37; 42; 42; 122;  4;  85; 249;  61; 27;  40;  16; 18;  43; 1436
2020-04-30; 258; 290;  57;  35; 22; 25; 104;  4;  85; 383;  46; 23;  35;  12; 19;  60; 1458
2020-05-01; 153; 223;  25;  33; 12;  8;  79;  4;  39; 232;  39; 13;  22;  11; 13;  14;  920
2020-05-02; 111; 138;  31;  15;  3; 13;  40;  2;  36; 148;  20;  6;  22;   5; 11;  21;  622
2020-05-03;  49;  91;  32;   6; 17;  3;  26;  0;  14; 121;   0;  4;  10;   4; 49;   1;  427
2020-05-04;  77; 166;  52;  19; 17;  9;  28;  4;  93; 172;  28;  5;   7;   5; 15;  30;  727
2020-05-05; 126; 212;  53;  43; 10; 21;  90;  7;  80; 240;  32;  6;  63;  19; 49;  41; 1092
2020-05-06; 127; 266;  58;  26; 54; 22; 104;  3;  94; 318;  30;  9;  36;  10; 16;  45; 1218
2020-05-07; 177; 233;  58;  12; 29; 17;  83;  6;  87; 320;  37; 11;  34;  12; 34;  48; 1198
2020-05-08; 206; 209;   4;  16; 28; 12;  86;  0;  74; 215;  24;  5;  46;   8; 22;  26;  981
2020-05-09; 128; 123;  17;   5; 15; 10;  47;  4;  29; 191;  28;  4;  23;   4; 20;  31;  679
2020-05-10;  52;  78;   8;   3; 12;  3;  15;  3;  10; 104;  15;  0;   8;   2; 20;   8;  341
2020-05-11;  97; 188;  17;   9;  3;  4;  32;  3;  48; 206;  19;  2;  21;   2;  5;  32;  688
2020-05-12; 100; 213;  37;   6; 20;  2;  82;  4;  50; 236;  21;  7;  25;   7; 16;  28;  854
2020-05-13; 128; 188;  58;  10; 29; 14;  70;  4;  79; 211;  39;  8;  36;   9; 12;  16;  911
2020-05-14; 103; 208;  45;  16; 23; 10;  46;  5;  40; 192;  30;  9;  38;  10;  5;  25;  805
2020-05-15; 106; 135;  16;   7; 21; 12;  69;  2;  41; 220;  35;  4;  21;   1;  7;  21;  718
2020-05-16;  54; 101;  16;  13; 19;  6;  34;  1;  22; 140;  10;  2;  15;   3;  2;  24;  462
2020-05-17;  32;  58;   8;   1; 10;  1;  74;  1;   9;  90;  17;  0;   3;   2;  1;   9;  316
2020-05-18;  41;  88;  33;   6; 11;  1;  61;  0;  69; 187;  19;  3;  18;   0;  0;  10;  547
2020-05-19; 103; 108;  46;   4; 19;  3;  74;  2;  63; 194;  22;  4;  32;   8; 14;  34;  730
2020-05-20;  88; 194;  48;  13; 18; 13; 102;  8;  94; 159;  30;  3;  30;   3;  9;  21;  833
2020-05-21;  42;  93;  10;   3; 16;  2;  28;  0;  50; 108;   6;  3;  11;   3; 23;  20;  418
2020-05-22;  64; 117;  36;   5;  4;  3;  51;  0;  95;  96;  12;  3;   6;   1; 18;  18;  529
2020-05-23;  49;  78;   8;   5;  3;  3;  51;  0;  37;  74;   7;  4;   5;   0;  0;  14;  338
2020-05-24;  17;  94;   3;   1; 13;  0;  14;  0;   9;  56;   1;  1;   5;   0;  0;  11;  225
2020-05-25;  35;  88;  22;   7;  2;  1;  30;  1;  46; 135;  11;  4;   9;   5;  0;  18;  414
2020-05-26;  57; 134;  22;   5; 10;  3;  76;  0;  60; 147;  40;  4;  15;   1;  7;  36;  617
2020-05-27;  80; 116;  42;   6; 26;  1;  46;  0; 123; 138;  21;  4;  19;   2;  0;  24;  648
2020-05-28;  64;  88;  25;   6; 26;  0;  58;  1;  76; 116;   8;  4;  13;   1;  6;  37;  529
2020-05-29;  39;  78;  30;   3; 29;  5;  38;  1;  64;  97;  18;  6;  10;   1; 14;  16;  449
2020-05-30;  24;  83;  23;   5; 24;  1;  34;  0;  59;  84;  11;  1;   5;   3;  4;  13;  374
2020-05-31;  11;  37;  27;   1;  8;  6;  11;  0;  23;  44;   0;  1;   0;   0;  3;   7;  179
2020-06-01;   7;  20;   2;   0;  1;  2;   2;  0;  42;  43;   3;  7;   0;   1;  5;   2;  137
2020-06-02;  17;  37;  41;   4; 11;  2;  26;  0;  56;  91;   7;  2;   3;   3;  1;   4;  305
2020-06-03;  31;  54;  55;   5; 18; 10;  35;  2; 121; 119;  15;  3;  10;   0;  0;  20;  498
2020-06-04;  48;  84;  32;   3; 34;  6;  29;  1; 100; 135;  28;  1;   6;   6;  0;  16;  529
2020-06-05;  34;  57;  35;   3; 15;  5;  24;  3;  93; 114;  22;  4;   5;   2;  2;  20;  438
2020-06-06;  31;  23;  16;   1;  5;  1;  19;  7;  60;  95;   8;  5;   6;   0;  2;   6;  285
2020-06-07;  13;  39;   8;   0; 15;  1;   8;  0;  32;  41;   1;  1;   0;   1;  1;   6;  167
2020-06-08;  12;  41;  29;   2;  1;  3;  36;  0;  55;  85;  15;  9;   3;   0;  2;   6;  299
2020-06-09;  31;  45;  57;   6; 15;  2;  17;  3;  76; 123;  16;  7;   7;   8;  1;  14;  428
2020-06-10;  51;  75;  78;   5; 17;  4;  37;  1;  64; 143;   7;  5;   3;   3;  2;  22;  517
2020-06-11;  14;  35;  50;   5;  8;  7;   9;  2;  50;  71;   1;  0;   1;   3;  3;  19;  278
2020-06-12;  31;  33;  42;   8;  8;  4;  25;  2;  75;  84;  11;  1;   4;  13;  1;   8;  350
2020-06-13;  10;  22;  68;   5;  8;  3;  19;  0;  30; 110;   1;  1;   0;  11;  0;  11;  299
2020-06-14;  20;  18;  12;   1;  3;  1;   6;  1;  13;  76;   3;  0;   1;  12;  0;   5;  172
2020-06-15;  17;  34;  31;  11;  1;  1;   8;  2;  37;  98;   9;  0;   1;   6;  2;   2;  260
2020-06-16;  39;  43;  75;  12; 14;  3;  40;  2;  59; 204;  12;  1;  10;  12;  1;  15;  542
2020-06-17;  25;  43;  85;   7; 12;  7;  57;  5;  55; 605;  17;  2;  33;  20;  0;   6;  979
2020-06-18;  25;  46; 128;  13;  7;  8;  48;  0;  84; 222;  13;  2;  14;  10;  9;   5;  634
2020-06-19;  35;  41; 137;  17; 10;  4;  58;  1;  77; 501;  11;  1;  10;  21;  2;   6;  932
2020-06-20;  36;  33;  35;  14;  8;  4;  20;  0;  43; 304;  10;  1;   6;   3;  1;   8;  526
2020-06-21;  12;  28;  20;   0;  3;  4;   7;  0;  12; 156;   1;  0;   5;   8;  2;   0;  258
2020-06-22;  25;  41;  63;   4;  6;  3;  20;  0;  16; 287;   5;  1;   6;   6;  0;   5;  488
2020-06-23;  36;  47;  72;  13;  0;  9;  38;  1;  71; 230;  17;  0;   9;   2;  1;   2;  548
2020-06-24;  44;  56;  58;  10;  2; 11;  27;  2;  34; 239;   7;  1;   1;   4;  4;   3;  503
2020-06-25;  43;  59;  62;   3;  3;  4;  39;  1;  41; 284;  13;  1;   5;   2;  6;   4;  570
2020-06-26;  74;  86;  43;   6;  1;  8;  29;  2;  39; 258;  16;  2;   0;   4;  1;   5;  574
2020-06-27;  35;  43;  17;   1;  2;  2;  19;  2;  29; 164;  10;  1;   1;   2;  3;   0;  331
2020-06-28;  11;  31;   2;   2;  0;  7;   2;  0;  14; 117;   7;  1;   2;   2;  1;   0;  199
2020-06-29;  16;  61;  53;   5;  1;  1;  20;  1;  32; 207;  15;  0;   3;   0;  3;   2;  420
2020-06-30;  48;  86;  35;   4;  5;  3;  30;  1;  26; 179;  27;  0;   4;   3;  5;   5;  461
2020-07-01;  48;  63;  46;   9;  4;  9;  50;  0;  34; 176;  29;  1;   1;   1; 12;   1;  484
2020-07-02;  32;  69;  57;   8;  4;  2;  29;  1;  33; 203;   7;  1;   4;   4;  5;  10;  469
2020-07-03;  40;  83;  41;  10;  0;  2;  31;  0;  32; 169;   8;  0;   2;   3;  4;   0;  425
2020-07-04;  22;  70;  31;   6;  3;  1;  17;  0;   6; 121;   8;  1;   0;   1;  3;   3;  293
2020-07-05;   4;  28;   2;   0;  1;  3;  10;  0;  17;  60;   1;  0;   0;  10;  5;   2;  143
2020-07-06;  41;  83;  33;   5;  0;  3;  27;  0;  28;  80;   8;  0;   4;   3;  0;   5;  320
2020-07-07;  36;  90;  37;   2;  2;  4;  29;  0;  14; 151;   7;  2;   3;   3;  4;   7;  391
2020-07-08;  45;  70;  46;   0;  3;  3;  52;  0;  19; 185;  12;  1;   3;   3;  7;   3;  452
2020-07-09;  53;  89;  34;   5;  4;  2;  39;  0;  14; 156;  18;  3;   3;   4;  3;   2;  429
2020-07-10;  38;  91;  34;   3;  1;  2;  42;  0;  11; 171;  17;  4;   2;   8;  1;   1;  426
2020-07-11;  24;  61;   4;   4;  0;  0;  28;  0;   3; 123;  22;  2;   2;   2;  0;   3;  278
2020-07-12;  16;  18;   1;   1;  1;  0;   3;  0;   2;  62;  15;  1;   0;   2;  8;   1;  131
2020-07-13;  45;  61;  27;   2;  1;  1;  31;  0;  21;  94;  29;  2;   2;   0;  8;   3;  327
2020-07-14;  66;  87;  25;   6;  0;  2;  40;  0;  30; 155;  23;  2;   5;  10;  7;   7;  465
2020-07-15;  46; 107;  24;   4;  6;  1;  48;  1;  30; 220;  22;  2;   3;   6;  8;   9;  537
2020-07-16;  59;  98;  16;   2;  4;  6;  40;  0;  26; 260;  29;  4;   3;   3;  2;   5;  557
2020-07-17;  81;  79;  21;   5;  8;  4;  38;  2;  40; 200;  12;  4;   4;   9; 14;   3;  524
2020-07-18;  58;  49;  19;   7;  9;  1;  33;  1;  76; 146;  14;  2;   0;   8;  4;   1;  428
2020-07-19;  28;  44;   0;   0;  2;  2;   9;  2;  11;  66;  13;  0;   1;   1;  7;   1;  187
2020-07-20;  67;  78;  31;  27;  1;  5;  24;  0;  20; 159;  21;  1;  11;   2;  9;   2;  458
2020-07-21;  53;  85;  33;  14;  4;  9;  27;  2;  65; 184;  16;  5;   5;  11;  6;   1;  520
2020-07-22; 102;  79;  27;  11;  2; 24;  72;  4;  56; 266;  25;  5;   2;   6; 17;   1;  699
2020-07-23;  92; 100;  47;   5;  6; 12;  57; 11;  29; 299;  10;  2;   7;   4;  8;  12;  701
2020-07-24; 111; 134;  61;   1;  9; 22;  71; 18;  22; 310;  16;  9;   4;   6; 12;   2;  808
2020-07-25;  51; 154;  18;   1;  5; 15;  34;  0;  33; 197;  16;  2;   1;   3;  7;   6;  543
2020-07-26;  18;  85;   3;   2;  0;  4;   5;  0;  21;  60;   1;  0;   1;   4;  7;   1;  212
2020-07-27;  81;  74;  41;   4;  5;  7;  59;  5;  27; 168;  17;  2;   9;   3; 23;   4;  529
2020-07-28;  67; 102;  64;   9;  6; 15;  64;  3;  63; 283;  25;  7;   3;   8; 27;   6;  752
2020-07-29; 100; 118;  69;   1;  5; 30;  84; 10;  51; 362;  21;  6;   7;   9; 31;   3;  907
2020-07-30;  95; 101;  49;   9; 11; 21;  81;  4;  61; 347;  25;  8;   3;   7; 26;   6;  854
2020-07-31; 103; 145;  76;   4;  7; 19;  84;  3;  60; 361;  12;  3;   5;   8; 24;   6;  920
2020-08-01;  43;  72;  34;   2;  1; 17;  50; 11;  62; 223;  15;  5;   3;   3; 16;   3;  560
2020-08-02;  11;  70;   0;   3;  0;  6;  21;  4;  15; 151;   6;  2;   2;   2;  7;   1;  301
2020-08-03;  55; 124;  48;   5;  4; 43;  69;  4;  65; 297;  44;  0;  13;   2; 17;  10;  800
2020-08-04;  67; 170;  57;  13;  4; 36;  74;  9;  60; 374;  29;  5;  14;   7; 22;   4;  945
2020-08-05;  92; 118;  67;   8;  2; 58; 116; 14;  77; 451;  55; 12;  14;   3; 17;  11; 1115
2020-08-06;  80; 133;  83;  17;  6; 60; 122; 15;  83; 429;  31;  8;  42;   8; 36;  14; 1167
2020-08-07;  81;  79; 102;  19;  2; 34; 123; 10;  92; 362;  59;  7;   9;   7; 10;  10; 1006
2020-08-08;  58;  47;  19;   5;  3; 34;  76;  4;  40; 333;  55;  5;  13;   6;  9;   2;  709
2020-08-09;  24;  33;   6;   1;  1; 14;  19;  0;  16; 179;  13;  1;   2;   2;  8;   1;  320
2020-08-10;  81; 184;  96;   7;  8; 34; 101;  6;  89; 354;  56; 14;  17;   9; 35;  13; 1104
2020-08-11; 122; 177; 105;   8;  7; 29;  98;  5;  63; 431;  44;  9;  18;  12; 52;  14; 1194
2020-08-12; 151; 204; 144;  20;  3; 48; 154;  3; 108; 561;  54;  8;  19;  10; 38;  19; 1544
2020-08-13; 151; 237;  89;  10;  6; 26; 185;  5;  91; 537;  81; 16;  17;   8; 22;  11; 1492
2020-08-14; 153; 219;  75;   8;  7; 34; 149; 11;  76; 500;  60; 18;  14;  11; 33;  11; 1379
2020-08-15;  94;  88;  33;   5;  6; 10;  61;  1;  58; 326;  35;  7;   2;   8; 19;   1;  754
2020-08-16;  31; 162;   3;   5;  4;  8;  48;  1;  17; 171;  32;  3;   2;   1;  2;   2;  492
2020-08-17; 222; 369;  99;  16;  6; 17; 188;  4; 104; 386;  99;  7;  12;   4; 15;   5; 1553
2020-08-18; 277; 314;  76;  18; 14; 32; 139;  2; 157; 366;  72;  9;  18;  12; 18;  13; 1537
2020-08-19; 293; 398;  71;  19; 12; 35; 208;  3; 149; 382; 102; 19;  19;  13; 22;   6; 1751
2020-08-20; 258; 394; 110;  18;  7; 29; 215;  4;  85; 363;  58; 18;  15;  13; 24;  13; 1624
2020-08-21; 307; 312;  77;  15;  8; 34; 209;  5; 104; 445;  78; 14;  16;  10; 14;   9; 1657
2020-08-22; 184; 193;  32;  12;  7; 16; 132;  3;  47; 195;  51;  4;  11;   7; 14;   7;  915
2020-08-23; 140; 124;   1;   4;  5; 22;  53;  2;  16; 155;  22;  2;   6;   3;  6;   4;  565
2020-08-24; 233; 357;  95;  13;  8; 26; 173;  2; 125; 276;  59;  4;  19;   8; 22;  10; 1430
2020-08-25; 304; 334;  67;  18; 11; 32; 176;  2; 115; 282;  52;  9;  26;  14; 28;   9; 1479
2020-08-26; 293; 493;  99;  18; 19; 30; 108;  2; 100; 307;  61; 10;  33;   8; 22;   7; 1610
2020-08-27; 331; 410;  76;  13; 14; 19; 123;  2; 112; 315;  54; 14;  26;   5; 18;  14; 1546
2020-08-28; 288; 285; 103;   4; 21; 38; 118;  3;  83; 258;  96; 18;  23;  11; 17;  23; 1389
2020-08-29; 178; 174;  35;   1; 12; 40;  54;  1;  64; 162;  64; 17;   9;   6;  5;   9;  831
2020-08-30; 147; 112;   5;   1;  1; 19;  41;  1;  31; 137;  25;  0;   3;   5;  9;   0;  537
2020-08-31; 176; 276; 123;   5;  8; 27; 129;  0;  66; 253;  39;  3;  59;   3; 15;   5; 1187
2020-09-01; 288; 333;  68;   8; 14; 30; 105;  2;  98; 251;  48;  2;  37;  11; 16;  10; 1321
2020-09-02; 306; 346;  85;  10; 23; 55;  83;  5; 102; 279;  36; 12;  30;   5; 26;  11; 1414
2020-09-03; 283; 400;  77;  11; 11; 50; 145;  4;  97; 307;  57;  7;  32;   9; 21;  12; 1523
2020-09-04; 290; 385; 119;  22;  9; 40; 108;  6;  92; 292;  53; 15;  27;   9;  9;  18; 1494
2020-09-05; 265; 309;  47;   4; 11; 35;  73;  4;  66; 212;  47;  6;  12;   3;  8;   4; 1106
2020-09-06; 100; 199;   3;   0;  3; 32;  56;  1;  28; 111;  28;  1;   3;   4;  4;   7;  580
2020-09-07; 222; 432; 132;  13;  3; 23; 128;  6; 112; 225;  70;  1;  27;   1; 19;   4; 1418
2020-09-08; 241; 461;  56;  15; 12; 57;  91;  5;  73; 212;  52;  7;  44;  19; 21;  10; 1376
2020-09-09; 286; 536; 114;   7;  9; 69; 113;  3; 110; 348;  59; 12;  42;   5; 24;  19; 1756
2020-09-10; 282; 396; 141;  26; 15; 51; 102;  3; 102; 317;  56;  7;  46;  10; 16;  19; 1589
2020-09-11; 267; 361;  89;   8;  8; 54; 129; 10; 121; 390;  82; 11;  69;  21; 11;  24; 1655
2020-09-12; 224; 256;  42;   9; 12; 30;  93;  6;  84; 321;  54;  6;  41;  13;  9;  23; 1223
2020-09-13; 113; 217;   6;   3;  5; 35;  63;  1;  78; 189;   9;  1;  14;   2;  9;  13;  758
2020-09-14; 195; 396;  95;  11;  2; 46; 102;  2; 115; 373;  50;  4;  45;   8; 24;  17; 1485
2020-09-15; 371; 548; 117;  16; 18; 45;  97; 13; 199; 395;  50;  7;  57;   9; 35;  26; 2003
2020-09-16; 357; 517; 175;  18; 15; 56; 175;  0; 180; 472;  81; 22;  57;  17; 30;  25; 2197
2020-09-17; 372; 535; 176;  11;  4; 81; 146; 16; 172; 601;  60; 14;  76;  28; 36;  25; 2353
2020-09-18; 302; 461; 192;  24; 13; 75; 119; 10; 204; 537;  73;  8;  66;  25; 32;  32; 2173
2020-09-19; 205; 309;  58;   7; 25; 65;  74;  8; 100; 398;  45;  7;  48;   8; 29;   7; 1393
2020-09-20; 114; 166;  28;   2;  5; 31;  34;  0;  68; 180;   9;  1;  24;   6; 17;   6;  691
2020-09-21; 189; 390; 193;  17;  5; 45; 119;  7;  91; 422;  62;  9;  48;   7; 27;  26; 1657
2020-09-22; 240; 341; 169;  22; 24; 78; 126; 13; 144; 457;  48; 15;  66;  29; 30;  17; 1819
2020-09-23; 329; 427; 185;  26; 11; 75; 170;  7; 192; 535;  67;  8;  80;  26; 48;  21; 2207
2020-09-24; 305; 402; 227;  35; 22; 90; 210;  6; 191; 610;  95;  6; 105;  15; 57;  21; 2397
2020-09-25; 322; 361; 206;  26; 38; 96; 216;  8; 166; 632;  84; 15;  48;  36; 58;  18; 2330
2020-09-26; 279; 239;  83;   4; 45; 75; 135;  8; 171; 561;  65;  9;  44;  41; 23;   7; 1789
2020-09-27; 141; 127;  28;   3;  6; 50;  57;  3;  56; 332;  39;  2;  22;   3;  7;   3;  879
2020-09-28; 212; 422; 203;  26; 14; 58; 142;  5; 122; 439;  67;  4;  48;  12; 44;   8; 1826
2020-09-29; 255; 342; 217;  39; 49; 91; 148; 36; 141; 600;  64; 24;  68;  32; 46;  15; 2167
2020-09-30; 329; 396; 276;  39; 36;101; 246; 12; 210; 762; 107; 31;  77;  40; 44;  31; 2737
2020-10-01; 387; 351; 315;  44; 45; 77; 250; 29; 267; 840; 121; 28;  77;  21; 37;  29; 2918
2020-10-02; 421; 347; 342;  49; 40;153; 237; 15; 249; 739; 106; 26;  94;  33; 39;  30; 2920
2020-10-03; 276; 307;  98;  29; 52; 82; 208; 26; 215; 660;  83; 27;  75;  10; 19;  42; 2209
2020-10-04; 159; 151; 111;  10; 11; 76;  76;  6; 120; 333;  42;  6;  11;  11; 23;   7; 1153
2020-10-05; 292; 361; 315;  35; 14; 98; 180;  9; 122; 702; 105; 14;  97;  18; 35;  10; 2407
2020-10-06; 614; 496; 326;  60; 72; 95; 330; 16; 310; 843; 107; 41; 169;  41; 54;  18; 3592
2020-10-07; 602; 664; 496;  60;101;107; 362; 19; 388;1185; 175; 34; 183;  17; 54;  44; 4491
2020-10-08; 595; 688; 459;  75; 74;128; 358; 27; 361;1291; 207; 37; 250;  27; 63;  48; 4688
2020-10-09; 722; 740; 508; 114; 63;119; 464; 25; 339;1415; 152; 64; 175;  46; 57;  60; 5063
2020-10-10; 636; 422; 170;  41;127; 59; 328; 37; 270;1057; 163; 69; 167;   6; 27;  53; 3632
2020-10-11; 303; 321; 150;  25;  6; 83; 131; 11; 204; 748; 104; 42;  87;  37; 22;   8; 2282
2020-10-12; 549; 678; 598; 108; 33;143; 361;  8; 304; 922; 143; 29; 167;  22; 66;  59; 4190
2020-10-13; 834; 690; 510; 116; 52; 95; 412; 63; 449;1335; 230;116; 322;  33; 66;  59; 5382
2020-10-14; 940;1152; 587; 129;102;194; 726; 61; 522;1956; 212;111; 358;  54; 71;  78; 7253
2020-10-15;1080;1283; 688; 122;103;159; 688; 51; 555;2073; 344;164; 395;  62; 80;  74; 7921
2020-10-16;1075;1266; 630; 156; 99;169; 887; 49; 526;2027; 316;139; 328;  88; 94; 124; 7973
2020-10-17; 796; 984; 167;  74; 91;155; 456; 35; 418;1616; 304; 87; 335;  56; 51;  70; 5695
2020-10-18; 538; 576; 195;  42; 23; 96; 315; 13; 264;1176; 132; 26; 178;  43; 34;  32; 3683
2020-10-19; 765;1081; 780; 118; 49;174; 693; 16; 361;1520; 257; 48; 307;  86;158;  64; 6477
2020-10-20;1367;1464; 898; 207; 90;230; 878; 88; 583;2204; 368;152; 595;  76;125; 117; 9442
2020-10-21;1718;2226; 816; 196;139;321;1212; 81; 855;3037; 530;200; 587; 166;162; 164;12410
2020-10-22;1990;2241; 903; 256;156;377;1148;101; 957;3898; 556;188; 657;  82;225; 165;13900
2020-10-23;1949;2121; 927; 232;126;417;1591; 85; 772;3837; 553;221; 597; 233;193; 198;14052
2020-10-24;1331;1667; 281; 153;183;247;1202; 65; 853;3514; 458;121; 594;  77;151; 205;11102
2020-10-25; 921;1410; 330;  76; 64;212; 545; 25; 401;2539; 314;116; 255; 127; 78;  68; 7481
2020-10-26;1814;2291;1022; 177; 99;319;1291; 47; 664;2752; 456;169; 559; 120;156;  95;12031
2020-10-27;2126;2727;1134; 338;193;512;1475;152;1085;3694; 728;279; 814; 185;285; 256;15983
2020-10-28;2655;3127;1289; 326;203;405;1874;130;1329;4900; 708;224;1320; 283;270; 227;19270
2020-10-29;2433;2983;1050; 435;244;498;1706;126;1540;5836; 808;301;1229; 205;252; 229;19875
2020-10-30;2712;3136;1071; 336;199;470;1690;168;1461;5223; 929;265; 896; 236;303; 335;19430
2020-10-31;1626;2620; 355; 256;198;271;1433; 91;1007;3888; 471;258; 979; 158;240; 168;14019
2020-11-01;1259;2072; 359; 117;221;224; 925; 41; 716;3226; 501;175; 390; 106;150;  59;10541
2020-11-02;1902;2832;1416; 233;133;398;1219; 49;1022;3845; 569;179; 955; 125;174; 205;15256
2020-11-03;2798;3429;1327; 357;208;577;1565;183;1303;4695; 792;261;1180; 192;219; 283;19369
2020-11-04;2707;3718;1237; 424;253;522;1862;160;1579;5187; 869;234;1609; 275;249; 330;21215
2020-11-05;2993;3955;1305; 483;267;505;1747;130;1433;5847; 873;332;1534; 314;258; 305;22281
2020-11-06;2834;4475;1166; 363;278;464;1849;145;1482;5163;1141;212;1237; 248;233; 301;21591
2020-11-07;2385;3110; 409; 247;183;415;1739;117;1288;3757; 583;258; 786; 163;248; 234;15922
2020-11-08;1162;2186; 295; 127; 71;265; 849; 38; 660;2951; 566;164; 493; 104;154;  98;10183
2020-11-09;1662;3032;1476; 275;104;404;1699; 40; 907;4116; 628;196; 847; 150;246; 207;15989
2020-11-10;2426;3863;1296; 382;115;569;1871;124;1368;4352; 890;283;1315; 273;209; 299;19635
2020-11-11;3035;4605;1677; 405;222;444;1881;118;1637;5153;1130;314;1166; 269;285; 354;22695
2020-11-12;3017;4598;1564; 395;261;464;1823;166;1683;5725;1190;282;1430; 277;227; 405;23507
2020-11-13;2722;4083;1395; 444;154;447;1878;116;1420;5129;1122;205;1400; 192;288; 388;21383
2020-11-14;1992;3154; 462; 301;189;243;1430; 87;1093;4204; 659;193;1150; 203;189; 249;15798
2020-11-15;1129;1535; 591; 101; 82;200; 840; 32; 429;2353; 490;110; 612; 139;100; 122; 8865
2020-11-16;1543;2433;1620; 361; 44;350;1200; 25; 840;3946; 699;105;1017; 169;127; 241;14720
2020-11-17;2648;3605;1688; 502;133;392;1976;169;1330;4323; 748;218;1620; 332;246; 434;20364
2020-11-18;3198;4771;1357; 580;279;495;2256;165;1598;5524;1008;216;1299; 293;233; 420;23692
2020-11-19;3071;4602;1439; 588;142;431;1994;141;1672;5727; 954;309;1664; 322;233; 476;23765
2020-11-20;2816;4208;1480; 523;161;472;1905;136;1461;5070;1134;169;1552; 305;269; 645;22306
2020-11-21;2109;2789; 458; 349;158;183;1447; 90;1036;3163; 708;108;1318; 257;142; 476;14791
2020-11-22;1056;1834; 389; 200; 76;139; 671; 29; 525;1997; 538;135; 798; 167;114; 195; 8863
2020-11-23;1256;3009;1611; 550; 26;256;1050; 52; 730;3920; 596; 49;1179; 285;151; 380;15100
2020-11-24;2279;3843;1500; 471;144;394;1377;147;1181;4265; 818;194;1680; 339;220; 581;19433
2020-11-25;2865;4309;1262; 602;193;302;1903;124;1414;4923; 891;274;1834; 378;268; 550;22092
2020-11-26;3082;4546;1329; 615;119;304;1897;172;1454;4635; 959;178;2272; 423;235; 577;22797
2020-11-27;2696;3810;1305; 489;114;106;1888;131;1016;4377; 799;137;2112; 442;229; 508;20159
2020-11-28;1977;2886; 488; 334;154;103;1269;108; 851;3433; 704;220;1577; 290;169; 371;14934
2020-11-29;1163;2036; 268; 112; 29;148; 565; 42; 372;1948; 403;173;1030; 202; 76; 250; 8817
2020-11-30;1394;2669;1198; 502; 32;307; 971; 32; 586;2689; 659; 46;1579; 230;107; 348;13349
2020-12-01;2515;3604;1099; 634;161;336;1364;139;1010;3883; 832;228;2296; 413;205; 499;19218
2020-12-02;3292;4439;1162; 700;167;291;1746;145;1346;4852; 984;205;2340; 519;281; 735;23204
2020-12-03;3247;4560;1420; 747; 80;490;1849;172;1378;4774;1092;255;2775; 492;254; 891;24476
2020-12-04;3130;3804;1467; 603;131;355;1800;156;1078;4506;1098;244;2325; 618;271; 694;22280
2020-12-05;2448;2834; 434; 350;127;201;1233;122; 908;3389; 760;223;1717; 297;260; 412;15715
2020-12-06;1432;2434; 329; 106; 57;254; 667; 49; 280;2060; 420;165;1283; 184;119; 400;10239
2020-12-07;1801;2966;1352; 546; 46;270;1226; 64; 841;3378; 760; 85;2090; 447;176; 435;16483
2020-12-08;3178;4296;1219; 723;118;348;1822;257;1117;4525; 860;267;2447; 582;356; 720;22835
2020-12-09;4209;5007;1439; 858;208;458;2049;279;1442;5295;1201;355;2951; 694;341; 867;27653
2020-12-10;3932;4911;1431; 949;185;456;2218;233;1689;5808;1337;524;3325; 572;459;1043;29072
2020-12-11;3683;4953;1333; 876;121;512;2113;286;1272;5858;1272;251;2654; 629;426;1041;27280
2020-12-12;2912;3382; 472; 500;171;291;1685;230;1176;4126; 896;292;2780; 423;439; 873;20648
2020-12-13;1926;2665; 301; 314; 56;293; 741;107; 421;2521; 577;160;1575; 347;142; 356;12502
2020-12-14;2252;3093;1546; 613; 21;320;1270; 87; 886;3721; 867; 75;2889; 499;211; 740;19090
2020-12-15;3631;4821;1195;1024;131;534;1866;330;1285;5180;1086;408;3337; 706;496; 888;26918
2020-12-16;4109;5342;1578;1142;223;492;2593;332;1965;6156;1308;298;3458; 714;517;1174;31401
2020-12-17;4504;5589;1663;1206;156;548;2424;283;1748;6211;1267;378;3421; 961;486;1229;32074
2020-12-18;4168;4791;1539;1317;122;584;2445;229;1538;5925;1242;295;2928; 928;550;1221;29822
2020-12-19;3294;3675; 502; 757;103;376;1792;187;1387;4418; 715;195;2558; 526;435; 871;21791
2020-12-20;1962;2291; 349; 463;130;221; 963;122; 489;2978; 920; 91;1909; 487;191; 400;13966
2020-12-21;2316;2819;1581; 916; 49;622;1228;114;1228;4093; 873;223;2540; 638;276; 874;20390
2020-12-22;3445;4340;1445;1241;123;631;2084;372;1653;5599;1021;382;3785; 929;584;1392;29026
2020-12-23;4526;5362;1582;1145;247;541;2740;271;2023;6808;1462;341;3752; 986;666;1552;34004
2020-12-24;3263;3481; 596; 595; 79;337;1801;151;1432;3812; 654;237;2735; 689;364; 994;21220
2020-12-25;1687;2749; 178; 620; 33;214; 850;160; 819;2237; 575;152;1348; 610;176; 847;13255
2020-12-26;1405;2235; 698; 514; 33;248; 607;117; 470;2066; 376; 92;1737; 388;200; 404;11590
2020-12-27; 962;1715; 480; 367; 38;154; 444; 94; 340;2309; 519; 98;1577; 293;187; 266; 9843
2020-12-28;1915;2330;1148;1017; 60;488; 838; 95; 887;2610; 652; 69;2228; 535;267; 621;15760
2020-12-29;3032;4464;1214;1463;157;494;2013;484;1672;4897;1102;317;3608; 960;573;1118;27568
2020-12-30;3827;5730;1063;1491;155;578;2296;379;2182;5816;1209;234;3212; 913;460;1566;31111
2020-12-31;2795;3888; 487; 788;110;342;1675;239;1455;3164; 753;149;1933; 594;352; 943;19667
2021-01-01;1324;1977; 273; 427; 25;215; 811;140; 512;1710; 457; 63; 992; 664;137; 565;10292
2021-01-02; 999;1838; 483; 291; 11;272; 490;102; 576;1892; 614; 35;1255; 505;262; 411;10036
2021-01-03;1081;1741; 459; 230; 37;203; 497; 67; 383;1826; 357; 95;1007; 391;202; 286; 8862
2021-01-04;1445;2231;1024; 929; 54;510; 840;207; 812;2452; 545; 96;1757; 543;260; 510;14215
2021-01-05;3211;4298;1182;1486;104;526;2017;554;1766;4913; 994;217;3414; 970;538;1246;27436
2021-01-06;2582;3505;1378;1583;156;487;2219;447;2240;6024;1149;449;3129; 763;533;1390;28034
2021-01-07;2554;3557;1663;1587;107;523;1873;276;1700;5052;1147;427;2751;1048;479;1478;26222
2021-01-08;2841;4053;1281;1228; 88;373;1624;429;1485;4369; 960;425;2507;1064;523;1314;24564
2021-01-09;2159;3025; 432; 806; 61;205;1221;191;1470;3063; 706;289;1362; 652;407; 591;16640
2021-01-10;1182;1753; 239; 470; 41;285; 452; 79; 341;1549; 398; 60; 728; 477;141; 329; 8524
2021-01-11;1291;1966;1376; 769; 40;354; 745;196; 686;2278; 532; 73;1438; 790;259; 820;13613
2021-01-12;2569;3340;1179;1227;100;390;1590;394;1529;4071; 814;173;2574;1058;399;1173;22580
2021-01-13;3013;4057;1208;1299;139;346;1718;356;1640;4338; 896;227;2160;1079;491;1202;24169
2021-01-14;2193;3272;1020;1181; 71;311;1535;366;1446;4013; 870;215;1699; 856;422; 998;20468
2021-01-15;2043;2905; 914;1011; 91;391;1323;311;1442;3510; 714;212;1348; 776;412; 872;18275
2021-01-16;1623;2144; 292; 578;104;156;1089;233;1098;2827; 566;147; 952; 595;355; 651;13410
2021-01-17; 758;1297; 165; 424; 38;118; 419;110; 528;1143; 321; 29; 453; 330;201; 286; 6620
2021-01-18; 821;1144; 673; 783; 20;290; 466;169; 670;1727; 362; 82; 715; 553;239; 470; 9184
2021-01-19;1933;2883; 897; 949; 71;308;1344;369;1397;3470; 713;219;1652; 929;468; 892;18494
2021-01-20;2175;2823; 872; 966;123;305;1605;289;1394;3975; 970;216;1526; 925;484; 905;19553
2021-01-21;1973;2465; 676; 812;101;286;1414;271;1257;3269; 768;235;1114; 910;501; 764;16816
2021-01-22;1471;2303; 655; 704; 81;245;1146;278;1248;3135; 757;174;1062; 657;459; 677;15052
2021-01-23;1330;1773; 265; 583; 81;257; 830;221; 895;2553; 487;165; 767; 498;442; 497;11644
2021-01-24; 523;1043;  55; 191; 26;161; 274;136; 323; 911; 256; 51; 433; 266;157; 230; 5036
2021-01-25; 554; 755; 625; 281; 32;240; 423;107; 413;1454; 336; 68; 447; 577;162; 320; 6794
2021-01-26;1592;2589; 688; 737; 87;298;1096;394;1158;2732; 697;244;1236; 712;539; 701;15500
2021-01-27;1718;2406; 661; 657; 91;316;1279;231;1453;3108; 678;198;1184; 707;464; 708;15859
2021-01-28;1585;2173; 499; 591;108;252;1020;240; 980;2685; 612;269; 730; 590;386; 668;13388
2021-01-29;1342;1962; 512; 538;138;252; 964;250;1109;2554; 514;223; 799; 508;349; 526;12540
2021-01-30;1218;1731; 165; 291; 81;145; 813;143; 942;2137; 410;181; 591; 391;264; 415; 9918
2021-01-31; 472; 787;  55; 125; 28;100; 215; 87; 230; 958; 253; 63; 231; 191;179; 151; 4125
2021-02-01; 353; 429; 388; 172; 37; 38; 298; 91; 202; 834; 177; 25; 109;  87;128; 171; 3539
